{
	"partitions" : [
		{
			"name" : "Top",
			"pins" : [
				{
					"name" : "i2c_scl",
					"strict" : false
				},
				{
					"name" : "i2c_scl_ad",
					"strict" : false
				},
				{
					"name" : "stcp",
					"strict" : false
				},
				{
					"name" : "shcp",
					"strict" : false
				},
				{
					"name" : "ds",
					"strict" : false
				},
				{
					"name" : "oe",
					"strict" : false
				},
				{
					"name" : "tmds_clk_p",
					"strict" : false
				},
				{
					"name" : "tmds_clk_n",
					"strict" : false
				},
				{
					"name" : "tmds_data_p[0]",
					"strict" : false
				},
				{
					"name" : "tmds_data_p[1]",
					"strict" : false
				},
				{
					"name" : "tmds_data_p[2]",
					"strict" : false
				},
				{
					"name" : "tmds_data_n[0]",
					"strict" : false
				},
				{
					"name" : "tmds_data_n[1]",
					"strict" : false
				},
				{
					"name" : "tmds_data_n[2]",
					"strict" : false
				},
				{
					"name" : "i2c_sda",
					"strict" : false
				},
				{
					"name" : "i2c_sda_ad",
					"strict" : false
				},
				{
					"name" : "sys_rst_n",
					"strict" : false
				},
				{
					"name" : "sys_clk",
					"strict" : false
				},
				{
					"name" : "key[1]",
					"strict" : false
				},
				{
					"name" : "key[2]",
					"strict" : false
				},
				{
					"name" : "key[3]",
					"strict" : false
				},
				{
					"name" : "key[0]",
					"strict" : false
				}
			]
		}
	]
}